Value 1,Value 2
98.38584116,46.8735473
79.08078252,37.95572778
74.464091,78.19065851
65.66219849,45.11512914
41.76265426,80.6935692
21.23028009,49.04258194
42.5846391,15.6969927
8.663445898,27.727284
86.05751841,5.81107592
72.64005743,31.64572452